date,weekday,winning_numbers,powerball,powerplay,jackpot
5/7/2014,Wed,17-29-31-48-49,34,2,70000000
5/10/2014,Sat,4-31-41-47-55,1,2,90000000
5/14/2014,Wed,7-33-39-52-55,33,3,90000000
5/17/2014,Sat,23-32-39-47-49,22,3,114000000
5/21/2014,Wed,4-20-34-39-58,31,5,114000000
5/24/2014,Sat,15-16-28-49-55,18,2,132000000
5/28/2014,Wed,2-24-28-32-59,25,3,152000000
5/31/2014,Sat,15-27-31-34-48,1,2,192000000
6/4/2014,Wed,1-7-10-22-49,24,3,192000000
6/7/2014,Sat,28-30-35-58-59,15,2,227400000
6/11/2014,Wed,14-18-25-33-49,23,5,259800000
6/14/2014,Sat,9-33-42-45-54,30,3,40000000
6/18/2014,Wed,6-9-29-52-59,7,3,50000000
6/21/2014,Sat,5-6-37-41-54,26,3,60000000
6/25/2014,Wed,10-20-25-50-53,35,4,70000000
6/28/2014,Sat,8-12-34-43-56,9,2,80000000
7/2/2014,Wed,8-18-45-53-58,35,2,90000000
7/5/2014,Sat,24-34-36-57-58,11,4,122000000
7/9/2014,Wed,9-25-42-55-57,14,2,122000000
7/12/2014,Sat,2-3-7-23-51,26,2,40000000
7/16/2014,Wed,5-15-18-26-32,35,3,50000000
7/19/2014,Sat,10-17-25-45-53,9,2,60000000
7/23/2014,Wed,4-10-12-22-31,3,5,40000000
7/26/2014,Sat,24-28-30-38-39,16,2,60000000
7/30/2014,Wed,13-30-42-49-53,29,3,60000000
8/2/2014,Sat,12-26-44-46-47,29,2,70000000
8/6/2014,Wed,1-8-24-28-49,24,5,80000000
8/9/2014,Sat,3-12-31-34-51,24,2,90000000
8/13/2014,Wed,8-37-39-40-52,24,2,40000000
8/16/2014,Sat,7-8-17-48-59,9,2,50000000
8/20/2014,Wed,4-8-21-38-40,3,2,60000000
8/23/2014,Sat,28-32-35-36-52,31,3,70000000
8/27/2014,Wed,17-24-26-45-46,19,3,90000000
8/30/2014,Sat,5-28-31-52-59,27,2,90000000
9/3/2014,Wed,2-16-43-45-51,35,3,100000000
9/6/2014,Sat,9-29-31-43-50,18,2,110000000
9/10/2014,Wed,2-14-39-40-43,13,5,127000000
9/13/2014,Sat,1-6-16-37-53,27,3,149000000
9/17/2014,Wed,18-25-36-48-50,23,2,171000000
9/20/2014,Sat,22-23-30-37-39,16,4,225000000
9/24/2014,Wed,7-14-21-24-41,26,4,225000000
9/27/2014,Sat,2-11-35-52-54,13,3,40000000
10/1/2014,Wed,1-4-18-20-45,7,2,50000000
10/4/2014,Sat,13-18-24-25-33,31,2,60000000
10/8/2014,Wed,5-16-31-46-50,18,3,80000000
10/11/2014,Sat,10-19-37-38-39,28,2,80000000
10/15/2014,Wed,5-7-19-27-28,20,2,90000000
10/18/2014,Sat,20-26-27-36-54,19,2,100000000
10/22/2014,Wed,29-30-40-42-50,16,2,110000000
10/25/2014,Sat,6-10-51-54-57,12,2,142000000
10/29/2014,Wed,25-28-48-57-59,16,3,142000000
11/1/2014,Sat,1-3-13-25-38,17,2,159000000
11/5/2014,Wed,2-11-19-21-42,34,3,203000000
11/8/2014,Sat,9-19-33-38-54,15,3,203000000
11/12/2014,Wed,37-39-51-52-55,11,3,40000000
11/15/2014,Sat,13-16-33-35-51,28,2,50000000
11/19/2014,Wed,6-36-38-48-51,17,2,60000000
11/22/2014,Sat,23-49-53-54-57,35,2,70000000
11/26/2014,Wed,16-17-22-46-54,35,5,90000000
11/29/2014,Sat,13-24-30-42-48,27,2,40000000
12/3/2014,Wed,25-30-32-46-54,26,3,40000000
12/6/2014,Sat,12-15-22-43-49,14,2,50000000
12/10/2014,Wed,34-44-48-54-55,10,2,60000000
12/13/2014,Sat,5-13-28-43-55,33,3,70000000
12/17/2014,Wed,22-31-38-47-48,15,3,80000000
12/20/2014,Sat,14-15-19-31-56,5,5,100000000
12/24/2014,Wed,11-12-46-47-50,22,4,100000000
12/27/2014,Sat,7-10-11-14-36,15,2,110000000
12/31/2014,Wed,17-27-37-40-53,35,2,120000000
1/3/2015,Sat,4-18-43-46-55,25,3,131000000
1/7/2015,Wed,14-15-47-49-59,10,2,162000000
1/10/2015,Sat,2-9-19-28-29,19,5,162000000
1/14/2015,Wed,2-4-10-41-53,22,5,176000000
1/17/2015,Sat,15-16-23-27-36,9,2,194000000
1/21/2015,Wed,11-12-15-28-57,23,4,208000000
1/24/2015,Sat,16-19-20-29-33,10,2,230000000
1/28/2015,Wed,12-24-35-36-49,1,5,261000000
1/31/2015,Sat,5-11-16-26-50,34,2,289000000
2/4/2015,Wed,24-36-51-52-56,22,2,317000000
2/7/2015,Sat,5-10-21-34-58,33,5,450000000
2/11/2015,Wed,11-13-25-39-54,19,3,500000000
2/14/2015,Sat,1-24-44-45-51,28,2,40000000
2/18/2015,Wed,1-9-29-32-49,22,2,50000000
2/21/2015,Sat,10-14-18-34-51,26,2,70000000
2/25/2015,Wed,17-19-21-32-39,8,3,70000000
2/28/2015,Sat,11-17-25-28-46,12,2,80000000
3/4/2015,Wed,8-12-15-35-50,32,2,90000000
3/7/2015,Sat,34-36-38-42-50,33,4,100000000
3/11/2015,Wed,11-24-31-40-44,27,2,119000000
3/14/2015,Sat,8-14-39-46-47,18,2,137000000
3/18/2015,Wed,14-25-30-33-47,8,2,40000000
3/21/2015,Sat,11-16-30-38-42,7,4,50000000
3/25/2015,Wed,7-19-23-50-54,14,2,40000000
3/28/2015,Sat,2-4-6-12-38,17,3,40000000
4/1/2015,Wed,2-30-33-39-44,1,3,50000000
4/4/2015,Sat,33-39-40-41-54,28,3,60000000
4/8/2015,Wed,1-19-45-46-58,29,2,70000000
4/11/2015,Sat,1-12-32-42-58,12,2,80000000
4/15/2015,Wed,1-16-21-29-40,30,3,40000000
4/18/2015,Sat,13-22-23-29-31,17,3,50000000
4/22/2015,Wed,10-14-25-39-53,18,2,40000000
4/25/2015,Sat,21-33-35-38-45,12,2,50000000
4/29/2015,Wed,1-26-34-38-51,6,3,60000000
5/2/2015,Sat,2-6-11-30-31,33,3,70000000
5/6/2015,Wed,23-24-27-39-41,30,5,80000000
5/9/2015,Sat,4-15-17-35-58,17,3,90000000
5/13/2015,Wed,1-25-29-31-47,7,3,100000000
5/16/2015,Sat,24-29-38-48-52,32,2,110000000
5/20/2015,Wed,1-12-28-35-44,25,3,121000000
5/23/2015,Sat,9-15-17-31-43,16,4,138000000
5/27/2015,Wed,8-15-34-53-59,23,2,154000000
5/30/2015,Sat,8-9-25-56-57,22,2,171000000
6/3/2015,Wed,6-8-13-37-40,11,2,188000000
6/6/2015,Sat,8-13-18-27-43,15,4,40000000
6/10/2015,Wed,31-32-48-49-53,25,2,50000000
6/13/2015,Sat,29-41-48-52-54,29,2,60000000
6/17/2015,Wed,20-21-22-41-54,7,3,70000000
6/20/2015,Sat,9-10-16-20-57,15,2,80000000
6/24/2015,Wed,3-5-10-22-32,7,4,40000000
6/27/2015,Sat,18-28-35-46-49,27,5,50000000
7/1/2015,Wed,7-24-26-31-41,25,2,60000000
7/4/2015,Sat,3-6-14-18-24,21,3,70000000
7/8/2015,Wed,4-15-25-27-30,18,3,40000000
7/11/2015,Sat,11-39-46-52-54,3,2,50000000
7/15/2015,Wed,13-16-34-45-50,11,2,60000000
7/18/2015,Sat,6-37-39-45-55,33,3,50000000
7/22/2015,Wed,12-31-43-44-57,11,2,80000000
7/25/2015,Sat,27-29-34-41-44,2,3,90000000
7/29/2015,Wed,4-22-27-28-52,35,3,100000000
8/1/2015,Sat,7-13-24-49-57,15,3,110000000
8/5/2015,Wed,9-11-14-16-42,19,2,40000000
8/8/2015,Sat,9-34-48-52-54,15,4,50000000
8/12/2015,Wed,8-13-29-38-52,28,2,60000000
8/15/2015,Sat,3-13-17-42-52,24,4,70000000
8/19/2015,Wed,6-8-43-48-50,7,2,80000000
8/22/2015,Sat,4-12-14-21-55,7,4,90000000
8/26/2015,Wed,2-22-32-45-56,12,5,100000000
8/29/2015,Sat,18-21-25-28-29,16,2,110000000
9/2/2015,Wed,17-22-30-46-56,16,3,120000000
9/5/2015,Sat,10-16-18-29-45,19,2,133000000
9/9/2015,Wed,44-45-47-50-51,8,2,149000000
9/12/2015,Sat,2-3-13-16-35,27,3,167000000
9/16/2015,Wed,5-7-24-31-39,7,3,185000000
9/19/2015,Sat,12-17-26-43-48,24,2,211500000
9/23/2015,Wed,8-29-41-51-58,5,2,235000000
9/26/2015,Sat,23-31-42-50-57,5,3,267000000
9/30/2015,Wed,21-39-40-55-59,17,3,301000000
10/3/2015,Sat,6-26-33-44-46,4,2,40000000
10/7/2015,Wed,18-30-40-48-52,9,3,50000000
10/10/2015,Sat,12-27-29-43-68,1,2,60000000
10/14/2015,Wed,15-20-29-31-40,1,2,70000000
10/17/2015,Sat,48-49-57-62-69,19,3,80000000
10/21/2015,Wed,30-32-42-56-57,11,4,90000000
10/24/2015,Sat,20-31-56-60-64,2,3,100000000
10/28/2015,Wed,4-54-56-62-63,10,2,110000000
10/31/2015,Sat,9-20-25-47-68,7,2,127000000
11/4/2015,Wed,2-12-17-20-65,17,4,142000000
11/7/2015,Sat,7-16-25-50-53,15,2,40000000
11/11/2015,Wed,4-26-32-55-64,18,3,50000000
11/14/2015,Sat,14-22-37-45-66,5,3,60000000
11/18/2015,Wed,17-40-41-46-69,6,2,70000000
11/21/2015,Sat,37-47-50-52-57,21,3,80000000
11/25/2015,Wed,16-29-53-58-69,21,2,50000000
11/28/2015,Sat,2-6-47-66-67,2,3,100000000
12/2/2015,Wed,14-18-19-32-64,9,2,110000000
12/5/2015,Sat,13-27-33-47-68,13,2,127000000
12/9/2015,Wed,7-10-16-46-56,1,2,145000000
12/12/2015,Sat,2-14-19-30-62,22,2,164000000
12/16/2015,Wed,9-10-32-42-55,6,2,180000000
12/19/2015,Sat,28-30-41-59-68,10,2,204600000
12/23/2015,Wed,16-38-55-63-67,25,4,227000000
12/26/2015,Sat,27-40-44-59-65,20,2,261700000
12/30/2015,Wed,12-36-38-54-61,22,3,300000000
1/2/2016,Sat,5-6-15-29-42,10,2,355800000
1/6/2016,Wed,2-11-47-62-63,17,3,524100000
1/9/2016,Sat,16-19-32-34-57,13,3,949000000
1/13/2016,Wed,4-8-19-27-34,10,2,1500000000
1/16/2016,Sat,3-51-52-61-64,6,2,40000000
1/20/2016,Wed,5-39-44-47-69,24,5,50000000
1/23/2016,Sat,22-32-34-40-69,19,4,60000000
1/27/2016,Wed,3-12-40-52-67,21,2,75000000
1/30/2016,Sat,5-12-16-31-43,18,4,96000000
2/3/2016,Wed,26-28-31-60-67,23,3,116600000
2/6/2016,Sat,4-13-31-36-52,8,3,136000000
2/10/2016,Wed,2-3-40-50-62,5,2,157000000
2/13/2016,Sat,7-15-18-19-36,20,2,176000000
2/17/2016,Wed,7-17-27-29-40,25,2,189000000
2/20/2016,Sat,11-12-15-16-54,25,5,212000000
2/24/2016,Wed,21-31-64-65-67,5,3,237800000
2/27/2016,Sat,10-11-21-22-53,18,3,265300000
3/2/2016,Wed,12-13-44-52-62,6,2,291400000
3/5/2016,Sat,3-27-34-59-69,19,2,40000000
3/9/2016,Wed,14-23-32-34-68,3,3,50000000
3/12/2016,Sat,11-28-50-57-62,23,2,60000000
3/16/2016,Wed,10-12-13-46-50,21,3,70000000
3/19/2016,Sat,11-23-43-54-60,3,3,80000000
3/23/2016,Wed,5-8-15-22-49,25,3,90000000
3/26/2016,Sat,11-23-42-52-68,6,3,101600000
3/30/2016,Wed,24-44-53-55-63,19,2,116000000
4/2/2016,Sat,9-28-30-40-61,3,2,135000000
4/6/2016,Wed,4-28-49-60-65,25,2,148000000
4/9/2016,Sat,14-22-23-41-61,9,3,168000000
4/13/2016,Wed,30-33-35-38-64,22,3,184000000
4/16/2016,Sat,3-18-25-32-51,3,2,205000000
4/20/2016,Wed,12-25-30-52-62,8,3,227000000
4/23/2016,Sat,19-35-46-59-62,13,5,251000000
4/27/2016,Wed,2-25-33-39-64,17,2,282000000
4/30/2016,Sat,3-12-16-32-34,14,3,314000000
5/4/2016,Wed,30-47-57-66-69,3,3,348000000
5/7/2016,Sat,5-25-26-44-66,9,2,415000000
5/11/2016,Wed,20-32-52-66-69,23,3,40000000
5/14/2016,Sat,13-27-47-64-65,9,3,50000000
5/18/2016,Wed,23-25-39-54-67,11,3,60000000
5/21/2016,Sat,5-7-9-23-32,26,4,70000000
5/25/2016,Wed,11-24-41-59-64,15,3,80000000
5/28/2016,Sat,6-33-34-58-59,12,2,90000000
6/1/2016,Wed,23-30-33-40-69,12,5,100000000
6/4/2016,Sat,16-20-22-43-64,17,2,110000000
6/8/2016,Wed,12-25-37-60-69,20,3,123000000
6/11/2016,Sat,20-27-36-41-58,7,2,141000000
6/15/2016,Wed,4-22-24-31-33,10,2,153000000
6/18/2016,Sat,2-23-41-53-63,11,2,168300000
6/22/2016,Wed,14-40-42-43-52,17,3,184000000
6/25/2016,Sat,3-27-36-56-69,25,2,203000000
6/29/2016,Wed,23-29-37-60-64,6,2,222000000
7/2/2016,Sat,10-34-39-59-63,4,2,243000000
7/6/2016,Wed,2-24-31-57-66,18,3,257000000
7/9/2016,Sat,10-28-32-61-64,12,3,288000000
7/13/2016,Wed,3-15-29-54-57,10,3,302500000
7/16/2016,Sat,11-17-40-50-62,26,2,333000000
7/20/2016,Wed,6-25-35-58-66,5,2,361000000
7/23/2016,Sat,5-7-23-35-39,11,2,391100000
7/27/2016,Wed,10-47-50-65-68,24,2,422000000
7/30/2016,Sat,11-17-21-23-32,5,2,478000000
8/3/2016,Wed,9-11-27-66-67,2,3,40000000
8/6/2016,Sat,20-33-36-47-52,12,3,52000000
8/10/2016,Wed,23-56-61-64-67,12,5,67000000
8/13/2016,Sat,38-44-60-64-69,6,2,82000000
8/17/2016,Wed,33-44-49-50-52,8,3,94000000
8/20/2016,Sat,3-6-21-60-68,24,2,110000000
8/24/2016,Wed,9-11-25-64-65,16,3,127000000
8/27/2016,Sat,4-32-48-49-63,20,2,142000000
8/31/2016,Wed,5-10-24-56-61,12,2,154000000
9/3/2016,Sat,7-39-50-59-67,25,3,171800000
9/7/2016,Wed,22-23-29-33-55,21,2,186000000
9/10/2016,Sat,3-17-49-55-68,8,2,205000000
9/14/2016,Wed,10-11-23-28-31,14,2,224900000
9/17/2016,Sat,9-19-51-55-62,14,4,244000000
9/21/2016,Wed,1-28-63-67-69,17,4,40000000
9/24/2016,Sat,7-15-20-29-41,22,2,50000000
9/28/2016,Wed,30-38-52-53-62,1,3,60000000
10/1/2016,Sat,2-12-50-61-64,1,2,70000000
10/5/2016,Wed,8-18-27-29-60,15,2,80000000
10/8/2016,Sat,3-54-61-64-68,9,2,91000000
10/12/2016,Wed,16-30-34-37-44,16,2,107000000
10/15/2016,Sat,23-49-57-64-67,20,2,122000000
10/19/2016,Wed,10-16-38-43-63,23,2,136000000
10/22/2016,Sat,1-55-33-28-56,22,2,151000000
10/26/2016,Wed,2-3-16-48-56,24,2,164000000
10/29/2016,Sat,19-20-21-42-48,23,3,183300000
11/2/2016,Wed,13-18-37-54-61,5,2,198000000
11/5/2016,Sat,21-31-50-51-69,8,3,217000000
11/9/2016,Wed,1-25-28-31-54,2,2,236000000
11/12/2016,Sat,8-17-20-27-52,24,2,258000000
11/16/2016,Wed,28-41-61-63-65,7,2,293000000
11/19/2016,Sat,16-24-28-43-61,21,2,320000000
11/23/2016,Wed,7-32-41-47-61,3,2,359000000
11/26/2016,Sat,17-19-21-37-44,16,2,403000000
11/30/2016,Wed,3-14-18-25-45,7,2,40000000
12/3/2016,Sat,8-10-26-27-33,22,2,55200000
12/7/2016,Wed,41-48-49-53-64,20,2,67000000
12/10/2016,Sat,12-21-32-44-66,15,2,85700000
12/14/2016,Wed,18-26-37-39-66,15,3,100000000
12/17/2016,Sat,1-8-16-40-48,10,2,119000000
12/21/2016,Wed,25-33-40-54-68,3,5,40000000
12/24/2016,Sat,28-38-42-51-52,21,2,50000000
12/28/2016,Wed,16-23-30-44-58,4,2,60000000
12/31/2016,Sat,1-3-28-57-67,9,2,70000000
1/4/2017,Wed,16-17-29-41-42,4,3,80000000
1/7/2017,Sat,3-12-24-37-63,10,2,94000000
1/11/2017,Wed,1-3-13-16-43,24,2,106000000
1/14/2017,Sat,23-55-59-64-69,13,5,121000000
1/18/2017,Wed,9-40-41-53-58,12,2,135000000
1/21/2017,Sat,23-25-45-52-67,2,2,153000000
1/25/2017,Wed,18-28-62-66-68,22,2,170000000
1/28/2017,Sat,12-20-39-49-69,17,2,187000000
2/1/2017,Wed,9-43-57-60-64,10,2,206000000
2/4/2017,Sat,6-13-16-17-52,25,3,229000000
2/8/2017,Wed,14-20-42-49-66,5,2,255000000
2/11/2017,Sat,5-9-17-37-64,2,2,285000000
2/15/2017,Wed,5-28-33-38-42,19,2,310000000
2/18/2017,Sat,3-7-9-31-33,20,3,349000000
2/22/2017,Wed,10-13-28-52-61,2,2,403000000
2/25/2017,Sat,6-32-47-62-65,19,2,40000000
3/1/2017,Wed,10-16-40-52-55,17,10,53000000
3/4/2017,Sat,2-18-19-22-63,19,3,68000000
3/8/2017,Wed,23-33-42-46-59,4,2,85000000
3/11/2017,Sat,1-26-41-50-57,11,2,104000000
3/15/2017,Wed,16-30-41-48-53,16,3,123000000
3/18/2017,Sat,13-25-44-54-67,5,3,141000000
3/22/2017,Wed,2-9-27-29-42,9,2,155000000
3/25/2017,Sat,18-31-32-45-48,16,4,40000000
3/29/2017,Wed,8-15-31-36-62,11,3,50000000
4/1/2017,Sat,9-32-36-44-65,1,3,60000000
4/5/2017,Wed,8-20-46-53-54,13,2,40000000
4/8/2017,Sat,23-36-51-53-60,15,2,50000000
4/12/2017,Wed,8-14-61-63-68,24,2,60000000
4/15/2017,Sat,5-22-26-45-61,13,3,70000000
4/19/2017,Wed,1-19-37-40-52,15,3,80000000
4/22/2017,Sat,21-39-41-48-63,6,3,90000000
4/26/2017,Wed,1-15-18-26-51,26,4,100000000
4/29/2017,Sat,22-23-24-45-62,5,2,113000000
5/3/2017,Wed,17-18-49-59-66,9,2,130000000
5/6/2017,Sat,11-21-31-41-59,21,3,147000000
5/10/2017,Wed,29-31-46-56-62,8,2,165000000
5/13/2017,Sat,17-20-32-63-68,19,5,184000000
5/17/2017,Wed,4-11-39-45-48,9,3,204000000
5/20/2017,Sat,5-22-45-47-54,3,2,228000000
5/24/2017,Wed,28-32-33-38-62,15,2,250000000
5/27/2017,Sat,5-10-28-55-67,9,3,275000000
5/31/2017,Wed,4-33-39-46-60,6,2,302000000
6/3/2017,Sat,3-9-21-41-54,25,4,337000000
6/7/2017,Wed,5-21-57-66-69,13,3,375000000
6/10/2017,Sat,20-26-32-38-58,3,2,435000000
6/14/2017,Wed,5-22-43-57-63,24,2,40000000
6/17/2017,Sat,10-13-32-53-62,21,2,52000000
6/21/2017,Wed,14-46-61-65-68,13,2,64000000
6/24/2017,Sat,10-22-32-36-58,10,4,79000000
6/28/2017,Wed,29-37-46-53-68,8,2,92000000
7/1/2017,Sat,19-42-45-48-53,16,3,160000000
7/5/2017,Wed,4-9-16-54-68,21,2,121000000
7/8/2017,Sat,8-10-29-40-59,26,2,140000000
7/12/2017,Wed,1-2-18-23-61,9,2,155000000
7/15/2017,Sat,9-40-63-64-66,17,2,172000000
7/19/2017,Wed,50-51-59-61-63,4,5,187000000
7/22/2017,Sat,5-32-44-53-60,9,3,205000000
7/26/2017,Wed,7-19-21-42-69,12,2,220000000
7/29/2017,Sat,1-28-40-45-48,12,2,239000000
8/2/2017,Wed,1-16-54-63-69,18,3,261000000
8/5/2017,Sat,11-21-28-33-45,11,2,286000000
8/9/2017,Wed,12-30-36-47-62,9,4,307000000
8/12/2017,Sat,20-24-26-35-49,19,2,356000000
8/16/2017,Wed,9-15-43-60-64,4,3,430000000
8/19/2017,Sat,17-19-39-43-68,13,4,535000000
8/23/2017,Wed,6-7-16-23-26,4,4,700000000
8/26/2017,Sat,7-15-32-38-66,15,2,40000000
8/30/2017,Wed,19-28-43-67-69,7,2,68000000
9/2/2017,Sat,6-21-41-52-62,26,2,83000000
9/6/2017,Wed,8-14-32-58-67,17,3,102000000
9/9/2017,Sat,6-20-29-57-59,22,2,115000000
9/13/2017,Wed,17-24-35-57-63,19,3,132000000
9/16/2017,Sat,17-18-24-25-31,24,2,40000000
9/20/2017,Wed,39-48-53-67-68,26,3,53000000
9/23/2017,Sat,24-45-55-56-57,19,2,66000000
9/27/2017,Wed,8-10-21-23-25,22,3,80000000
9/30/2017,Sat,8-12-25-41-64,15,3,94000000
10/4/2017,Wed,22-23-62-63-66,24,2,112000000
10/7/2017,Sat,10-49-61-63-65,7,2,128000000
10/11/2017,Wed,1-3-13-19-69,23,2,143000000
10/14/2017,Sat,32-37-56-66-69,11,3,156000000
10/18/2017,Wed,30-49-54-66-69,8,2,173000000
10/21/2017,Sat,14-41-42-45-69,4,2,191000000
10/25/2017,Wed,18-22-29-54-57,8,3,40000000
10/28/2017,Sat,27-35-38-57-66,10,2,52000000
11/1/2017,Wed,3-6-19-26-44,1,2,64000000
11/4/2017,Sat,12-14-26-48-51,13,3,75000000
11/8/2017,Wed,12-14-20-21-34,22,2,90000000
11/11/2017,Sat,4-6-16-30-56,18,2,103000000
11/15/2017,Wed,23-32-44-48-50,25,2,119000000
11/18/2017,Sat,17-28-31-32-39,26,3,134000000
11/22/2017,Wed,35-37-46-51-61,13,2,149000000
11/25/2017,Sat,8-13-27-53-54,4,2,163000000
11/29/2017,Wed,24-26-28-59-63,16,3,177000000
12/2/2017,Sat,28-30-32-36-58,6,3,193000000
12/6/2017,Wed,19-20-50-55-62,9,2,212000000
12/9/2017,Sat,25-36-37-55-60,6,5,229000000
12/13/2017,Wed,2-24-28-51-58,7,3,250000000
12/16/2017,Sat,9-35-37-50-63,11,2,250000000
12/20/2017,Wed,1-20-61-64-69,20,2,300000000
12/23/2017,Sat,1-3-13-15-44,25,2,337000000
12/27/2017,Wed,3-9-16-56-60,3,3,384000000
12/30/2017,Sat,28-36-41-51-58,24,2,440000000
1/3/2018,Wed,2-18-37-39-42,12,3,550000000
1/6/2018,Sat,12-29-30-33-61,26,3,40000000
1/10/2018,Wed,7-24-33-49-50,4,5,50000000
1/13/2018,Sat,14-25-35-58-69,24,2,62000000
1/17/2018,Wed,3-33-37-51-57,21,2,78000000
1/20/2018,Sat,26-28-47-49-58,3,4,92000000
1/24/2018,Wed,5-9-11-33-64,21,3,112000000
1/27/2018,Sat,17-21-26-47-54,7,2,127000000
1/31/2018,Wed,4-7-14-46-59,22,10,145000000
2/3/2018,Sat,15-23-27-48-53,6,2,165000000
2/7/2018,Wed,23-34-35-40-47,10,2,184000000
2/10/2018,Sat,1-13-27-41-59,20,5,184000000
2/14/2018,Wed,37-39-44-46-69,26,2,223000000
2/17/2018,Sat,13-26-39-44-62,2,3,246000000
2/21/2018,Wed,7-15-31-34-36,8,3,269000000
2/24/2018,Sat,24-25-38-62-63,6,2,293000000
2/28/2018,Wed,12-30-59-65-69,16,5,293000000
3/3/2018,Sat,13-17-25-36-40,5,2,321000000
3/7/2018,Wed,6-13-19-36-51,18,2,348000000
3/10/2018,Sat,43-44-54-61-69,22,3,385000000
3/14/2018,Wed,6-12-24-41-68,9,3,420000000
3/17/2018,Sat,22-57-59-60-66,7,2,455000000
3/21/2018,Wed,3-4-18-29-61,25,2,40000000
3/24/2018,Sat,10-33-45-53-56,24,3,54000000
3/28/2018,Wed,6-8-26-52-53,21,2,40000000
3/31/2018,Sat,8-24-52-55-61,21,3,50000000
4/4/2018,Wed,8-24-42-54-64,24,4,60000000
4/7/2018,Sat,2-17-20-38-39,20,2,74000000
4/11/2018,Wed,16-18-27-55-67,18,3,89000000
4/14/2018,Sat,17-19-26-61-62,15,2,106000000
4/18/2018,Wed,9-10-12-17-23,9,2,122000000
4/21/2018,Sat,40-50-54-62-69,19,2,142000000
4/25/2018,Wed,17-18-39-56-64,12,3,158000000
4/28/2018,Sat,20-22-28-45-50,8,5,177000000
5/2/2018,Wed,5-14-31-40-50,6,2,195000000
5/5/2018,Sat,14-29-36-57-61,17,4,215000000
5/9/2018,Wed,11-16-38-50-69,19,2,233000000
5/12/2018,Sat,22-42-45-55-56,14,3,257000000
5/16/2018,Wed,17-19-21-22-51,19,2,280000000
5/19/2018,Sat,3-6-9-17-56,25,3,306000000
5/23/2018,Wed,20-54-56-61-64,7,4,40000000
5/26/2018,Sat,1-21-31-45-49,21,2,50000000
5/30/2018,Wed,17-23-26-46-68,20,2,60000000
6/2/2018,Sat,23-25-37-44-64,7,4,74000000
6/6/2018,Wed,23-28-41-53-56,14,3,87000000
6/9/2018,Sat,6-10-15-25-36,14,3,105000000
6/13/2018,Wed,13-20-38-45-55,1,2,121000000
6/16/2018,Sat,9-45-57-58-65,9,2,137000000
6/20/2018,Wed,4-14-23-27-56,13,2,151000000
6/23/2018,Sat,16-29-43-45-56,25,2,40000000
6/27/2018,Wed,7-28-37-62-63,15,2,50000000
6/30/2018,Sat,3-9-20-42-61,24,2,60000000
7/4/2018,Wed,4-7-15-41-44,10,2,70000000
7/7/2018,Sat,1-10-43-45-64,22,3,80000000
7/11/2018,Wed,19-21-27-46-47,7,4,90000000
7/14/2018,Sat,22-41-42-49-67,11,3,100000000
7/18/2018,Wed,1-10-27-28-36,12,2,110000000
7/21/2018,Sat,9-23-56-58-68,1,2,130000000
7/25/2018,Wed,2-18-41-44-64,26,2,147000000
7/28/2018,Sat,22-27-46-56-65,13,2,168000000
8/1/2018,Wed,5-22-32-38-58,26,2,187000000
8/4/2018,Sat,3-11-38-44-58,2,4,203000000
8/8/2018,Wed,10-21-30-43-63,17,2,223000000
8/11/2018,Sat,5-43-56-62-68,24,2,247000000
8/15/2018,Wed,12-15-28-47-48,16,2,40000000
8/18/2018,Sat,24-34-52-61-67,16,3,50000000
8/22/2018,Wed,1-7-45-47-69,13,2,60000000
8/25/2018,Sat,20-25-54-57-63,8,2,70000000
8/29/2018,Wed,25-41-53-57-67,12,2,80000000
9/1/2018,Sat,11-54-55-61-66,9,3,90000000
9/5/2018,Wed,6-15-50-59-60,13,2,100000000
9/8/2018,Sat,3-13-20-32-33,21,3,114000000
9/12/2018,Wed,6-28-48-63-64,24,2,132000000
9/15/2018,Sat,2-18-19-24-34,3,3,147000000
9/19/2018,Wed,4-39-48-50-51,11,3,163000000
9/22/2018,Sat,24-61-63-64-69,18,5,178000000
9/26/2018,Wed,1-2-7-30-50,8,5,193000000
9/29/2018,Sat,9-17-34-59-64,22,2,213000000
10/3/2018,Wed,41-53-59-63-66,3,3,229000000
10/6/2018,Sat,1-22-27-53-67,15,3,253000000
10/10/2018,Wed,8-23-27-42-60,7,3,282000000
10/13/2018,Sat,11-14-32-43-65,15,3,314000000
10/17/2018,Wed,3-57-64-68-69,15,3,345000000
10/20/2018,Sat,16-54-57-62-69,23,2,470000000
10/24/2018,Wed,3-21-45-53-56,22,2,620000000
10/27/2018,Sat,8-12-13-19-27,4,3,750000000
10/31/2018,Wed,7-25-39-40-47,20,3,40000000
11/3/2018,Sat,15-21-24-32-65,11,3,53000000
11/7/2018,Wed,26-28-34-42-50,25,2,71000000
11/10/2018,Sat,5-29-34-53-57,24,2,92000000
11/14/2018,Wed,7-42-49-62-69,23,5,107000000
11/17/2018,Sat,6-8-20-52-68,5,2,124000000
11/21/2018,Wed,7-14-23-38-55,18,2,139000000
11/24/2018,Sat,11-33-51-56-58,18,2,155000000
11/28/2018,Wed,4-19-59-68-69,21,2,171000000
12/1/2018,Sat,10-11-47-55-58,26,2,183000000
12/5/2018,Wed,9-11-36-37-38,11,5,200000000
12/8/2018,Sat,14-32-34-46-61,10,2,217000000
12/12/2018,Wed,4-9-21-29-64,26,2,230000000
12/15/2018,Sat,8-38-43-52-55,17,3,246000000
12/19/2018,Wed,15-29-31-37-43,16,2,262000000
12/22/2018,Sat,21-28-30-40-59,26,3,281000000
12/26/2018,Wed,5-25-38-52-67,24,2,294000000
12/29/2018,Sat,12-42-51-53-62,25,2,40000000
1/2/2019,Wed,8-12-42-46-56,12,2,53000000
1/5/2019,Sat,3-7-15-27-69,19,2,69000000
1/9/2019,Wed,6-19-37-49-59,22,3,82000000
1/12/2019,Sat,7-36-48-57-58,24,2,96000000
1/16/2019,Wed,14-29-31-56-61,1,2,112000000
1/19/2019,Sat,5-8-41-65-66,20,3,129000000
1/23/2019,Wed,23-25-47-48-50,24,3,144000000
1/26/2019,Sat,8-12-20-21-32,10,4,161000000
1/30/2019,Wed,2-12-16-29-54,6,2,174000000
2/2/2019,Sat,10-17-18-43-65,13,5,191000000
2/6/2019,Wed,5-13-28-38-63,21,5,204000000
2/9/2019,Sat,1-2-3-7-39,25,3,224000000
2/13/2019,Wed,2-8-14-24-69,26,2,242000000
2/16/2019,Sat,29-30-41-48-64,1,4,260000000
2/20/2019,Wed,27-49-50-51-52,2,2,282000000
2/23/2019,Sat,4-6-14-20-32,13,2,304000000
2/27/2019,Wed,21-31-42-49-59,23,5,322000000
3/2/2019,Sat,1-19-25-27-68,21,2,348000000
3/6/2019,Wed,6-10-21-35-46,23,2,381000000
3/9/2019,Sat,5-6-45-55-59,14,3,414000000
3/13/2019,Wed,18-36-45-47-69,14,3,448000000
3/16/2019,Sat,30-34-39-53-67,11,2,495000000
3/20/2019,Wed,10-14-50-53-63,21,2,550000000
3/23/2019,Sat,24-25-52-60-66,5,3,625000000
3/27/2019,Wed,16-20-37-44-62,12,3,750000000
3/30/2019,Sat,21-52-54-64-68,4,3,40000000
4/3/2019,Wed,16-19-25-32-49,18,2,54000000
4/6/2019,Sat,15-33-43-59-60,8,3,68000000
4/10/2019,Wed,12-21-23-39-67,6,4,84000000
4/13/2019,Sat,4-17-26-32-49,10,2,101000000
4/17/2019,Wed,1-15-17-46-66,15,3,118000000
4/20/2019,Sat,3-27-30-63-65,1,3,136000000
4/24/2019,Wed,6-32-35-36-65,4,5,150000000
4/27/2019,Sat,2-29-41-45-62,6,3,166000000
5/1/2019,Wed,5-23-28-56-66,17,5,181000000
5/4/2019,Sat,6-16-23-30-61,2,2,199000000
5/8/2019,Wed,1-45-53-64-66,3,3,215000000
5/11/2019,Sat,6-8-9-37-40,26,2,235000000
5/15/2019,Wed,7-17-33-61-68,4,2,250000000
5/18/2019,Sat,2-10-25-66-67,26,4,270000000
5/22/2019,Wed,7-10-20-44-57,3,2,288000000
5/25/2019,Sat,1-2-39-43-66,2,3,308000000
5/29/2019,Wed,3-32-34-42-61,7,2,325000000
6/1/2019,Sat,6-15-34-45-52,8,2,350000000
6/5/2019,Wed,17-23-28-34-38,8,3,40000000
6/8/2019,Sat,9-13-42-48-60,18,2,53000000
6/12/2019,Wed,5-35-38-42-57,13,2,66000000
6/15/2019,Sat,8-11-14-16-49,14,3,79000000
6/19/2019,Wed,4-18-21-26-38,1,3,92000000
6/22/2019,Sat,3-6-11-14-66,21,2,108000000
6/26/2019,Wed,1-5-16-22-54,24,3,122000000
6/29/2019,Sat,13-17-24-59-62,8,2,137000000
7/3/2019,Wed,40-43-45-50-61,25,3,150000000
7/6/2019,Sat,4-8-23-46-65,1,2,165000000
7/10/2019,Wed,7-9-26-44-68,3,3,180000000
7/13/2019,Sat,13-23-32-35-68,21,3,194000000
7/17/2019,Wed,19-43-47-60-68,10,2,40000000
7/20/2019,Sat,5-26-36-64-69,19,3,53000000
7/24/2019,Wed,22-29-35-53-56,13,2,63000000
7/27/2019,Sat,1-19-31-48-61,6,2,75000000
7/31/2019,Wed,14-37-47-55-67,6,2,88000000
8/3/2019,Sat,3-6-45-66-68,13,2,102000000
8/7/2019,Wed,8-32-47-53-59,3,3,112000000
8/10/2019,Sat,35-41-44-58-59,3,3,128000000
8/14/2019,Wed,10-13-30-51-69,10,2,138000000
8/17/2019,Sat,18-21-24-30-60,20,3,149000000
8/21/2019,Wed,12-21-22-29-32,21,2,40000000
8/24/2019,Sat,5-12-20-21-47,1,2,50000000
8/28/2019,Wed,9-32-37-41-56,14,10,60000000
8/31/2019,Sat,14-41-50-56-57,18,5,70000000
9/4/2019,Wed,4-8-30-52-59,2,10,80000000
9/7/2019,Sat,11-20-41-42-56,6,2,40000000
9/11/2019,Wed,6-17-24-53-57,3,3,50000000
9/14/2019,Sat,11-27-31-36-67,11,2,60000000
9/18/2019,Wed,14-19-39-47-51,15,3,70000000
9/21/2019,Sat,1-9-22-36-68,22,2,80000000
9/25/2019,Wed,37-43-44-45-53,25,3,40000000
9/28/2019,Sat,15-23-34-51-55,4,2,50000000
10/2/2019,Wed,4-8-10-43-53,7,2,60000000
10/5/2019,Sat,6-14-36-51-54,4,2,70000000
10/9/2019,Wed,5-18-33-43-65,2,2,80000000
10/12/2019,Sat,12-29-34-53-65,23,2,90000000
10/16/2019,Wed,1-5-25-63-67,3,2,100000000
10/19/2019,Sat,14-27-29-59-65,12,2,110000000
10/23/2019,Wed,5-12-50-61-69,23,2,120000000
10/26/2019,Sat,3-20-48-54-59,4,4,130000000
10/30/2019,Wed,19-22-52-56-67,21,2,140000000
11/2/2019,Sat,3-23-32-37-58,22,2,150000000
11/6/2019,Wed,15-28-46-62-64,17,3,40000000
11/9/2019,Sat,14-17-35-38-60,25,2,50000000
11/13/2019,Wed,23-26-27-28-66,11,2,60000000
11/16/2019,Sat,14-22-26-55-63,26,3,70000000
11/20/2019,Wed,7-15-39-40-57,12,2,80000000
11/23/2019,Sat,28-35-38-61-66,23,3,90000000
11/27/2019,Wed,15-26-37-53-55,21,2,100000000
11/30/2019,Sat,15-35-42-63-68,18,4,110000000
12/4/2019,Wed,8-27-44-51-61,14,3,120000000
12/7/2019,Sat,18-42-53-62-66,25,3,130000000
12/11/2019,Wed,24-29-42-44-63,10,4,140000000
12/14/2019,Sat,3-6-12-32-64,19,3,150000000
12/18/2019,Wed,14-18-26-39-68,9,2,160000000
12/21/2019,Sat,19-31-35-50-67,14,2,171000000
12/25/2019,Wed,2-4-16-30-46,20,2,183000000
12/28/2019,Sat,20-23-39-59-60,18,2,200000000
1/1/2020,Wed,49-53-57-59-62,26,2,220000000
1/4/2020,Sat,1-11-21-25-54,7,2,237000000
1/8/2020,Wed,2-4-7-43-56,22,4,258000000
1/11/2020,Sat,3-21-23-31-59,3,2,277000000
1/15/2020,Wed,39-41-53-55-68,19,2,296000000
1/18/2020,Sat,20-24-38-56-68,18,2,321000000
1/22/2020,Wed,11-33-44-59-67,8,3,343000000
1/25/2020,Sat,2-9-17-36-67,18,2,373000000
1/29/2020,Wed,9-12-15-31-60,2,2,394000000
2/1/2020,Sat,12-33-54-57-60,13,4,40000000
2/5/2020,Wed,23-30-35-41-57,2,3,50000000
2/8/2020,Sat,35-49-50-59-66,6,2,60000000
2/12/2020,Wed,14-47-54-55-68,25,2,70000000
2/15/2020,Sat,16-32-35-36-46,3,3,40000000
2/19/2020,Wed,10-12-15-19-56,19,2,50000000
2/22/2020,Sat,25-37-39-61-62,11,3,60000000
2/26/2020,Wed,8-27-29-36-47,24,3,70000000
2/29/2020,Sat,24-44-46-50-51,13,3,80000000
3/4/2020,Wed,18-43-58-60-68,14,2,90000000
3/7/2020,Sat,7-15-21-33-62,23,2,100000000
3/11/2020,Wed,4-29-49-50-67,2,4,110000000
3/14/2020,Sat,9-23-26-30-32,8,3,120000000
3/18/2020,Wed,15-27-44-59-63,8,4,130000000
3/21/2020,Sat,2-23-40-59-69,13,2,140000000
3/25/2020,Wed,5-9-27-39-42,16,2,150000000
3/28/2020,Sat,7-40-48-55-66,11,2,160000000
4/1/2020,Wed,33-35-45-48-60,16,2,170000000
4/4/2020,Sat,8-31-39-40-43,4,3,180000000
4/8/2020,Wed,2-37-39-48-54,5,3,190000000
4/11/2020,Sat,22-29-30-42-47,17,3,20000000
4/15/2020,Wed,10-12-33-36-41,2,3,22000000
4/18/2020,Sat,4-44-46-56-63,19,2,24000000
4/22/2020,Wed,1-33-35-40-69,24,5,29000000
4/25/2020,Sat,1-3-21-47-57,18,2,37000000
4/29/2020,Wed,2-20-49-61-67,20,2,43000000
5/2/2020,Sat,13-16-33-58-68,24,5,51000000
5/6/2020,Wed,7-8-35-50-65,20,4,59000000
5/9/2020,Sat,12-18-42-48-65,19,5,68000000
5/13/2020,Wed,39-53-54-56-57,20,3,77000000
5/16/2020,Sat,8-12-26-39-42,11,2,86000000
5/20/2020,Wed,18-34-40-42-50,9,2,95000000
5/23/2020,Sat,2-8-18-21-23,16,4,104000000
5/27/2020,Wed,38-58-59-64-68,21,3,114000000
5/30/2020,Sat,13-32-41-58-60,14,2,125000000
6/3/2020,Wed,1-3-26-41-64,17,2,135000000
6/6/2020,Sat,1-17-38-68-69,18,2,20000000
6/10/2020,Wed,10-33-41-52-54,18,5,22000000
6/13/2020,Sat,2-12-32-50-65,5,3,20000000
6/17/2020,Wed,7-10-63-64-68,10,3,22000000
6/20/2020,Sat,10-31-41-63-67,5,3,25000000
6/24/2020,Wed,15-22-27-33-46,23,3,33000000
6/27/2020,Sat,9-36-49-56-62,8,2,42000000
7/1/2020,Wed,15-28-52-53-63,18,4,51000000
7/4/2020,Sat,16-21-27-60-61,6,2,60000000
7/8/2020,Wed,3-10-34-36-62,5,10,69000000
7/11/2020,Sat,14-19-61-62-64,4,2,79000000
7/15/2020,Wed,27-47-61-62-69,4,10,87000000
7/18/2020,Sat,13-16-32-58-59,9,2,97000000
7/22/2020,Wed,16-25-36-44-55,14,3,106000000
7/25/2020,Sat,5-21-36-61-62,18,2,117000000
7/29/2020,Wed,7-29-35-40-45,26,2,126000000
8/1/2020,Sat,6-25-36-43-48,24,3,137000000
8/5/2020,Wed,7-14-17-57-65,24,5,147000000
8/8/2020,Sat,2-3-14-40-51,24,3,158000000
8/12/2020,Wed,2-6-18-36-37,21,2,169000000
8/15/2020,Sat,5-12-34-45-56,3,3,20000000
8/19/2020,Wed,13-23-47-55-58,23,10,22000000
8/22/2020,Sat,19-30-36-42-66,14,3,29000000
8/26/2020,Wed,8-12-19-47-58,2,2,37000000
8/29/2020,Sat,5-21-22-29-43,10,2,47000000
9/2/2020,Wed,1-4-11-20-69,18,2,56000000
9/5/2020,Sat,15-21-22-27-47,7,2,66000000
9/9/2020,Wed,27-52-55-60-64,21,3,75000000
9/12/2020,Sat,16-17-20-53-67,4,2,85000000
9/16/2020,Wed,10-17-31-51-53,1,2,94000000
9/19/2020,Sat,11-14-23-47-57,14,4,20000000
9/23/2020,Wed,8-17-49-52-59,1,2,22000000
9/26/2020,Sat,11-21-27-36-62,24,3,25000000
9/30/2020,Wed,14-18-36-49-67,18,2,34000000
10/3/2020,Sat,18-31-36-43-47,20,2,43000000
10/7/2020,Wed,6-24-30-53-56,19,2,52000000
10/10/2020,Sat,5-18-23-40-50,18,3,62000000
10/14/2020,Wed,21-37-52-53-58,5,2,72000000
10/17/2020,Sat,6-10-31-37-44,23,2,82000000
10/21/2020,Wed,1-3-13-44-56,26,3,91000000
10/24/2020,Sat,18-20-27-45-65,6,2,102000000
10/28/2020,Wed,11-28-37-40-53,13,2,116000000
10/31/2020,Sat,2-6-40-42-55,24,3,127000000
11/4/2020,Wed,23-32-33-45-49,14,2,137000000
11/7/2020,Sat,14-16-37-48-58,18,2,149000000
11/11/2020,Wed,13-15-17-45-63,13,2,158000000
11/14/2020,Sat,7-15-18-32-45,20,2,168000000
11/18/2020,Wed,4-5-17-43-52,5,2,179000000
11/21/2020,Sat,51-54-57-60-69,11,2,192000000
11/25/2020,Wed,2-57-58-60-65,26,2,202000000
11/28/2020,Sat,8-12-18-44-51,18,2,216000000
12/2/2020,Wed,28-31-40-41-46,4,3,231000000
12/5/2020,Sat,3-4-6-48-53,10,2,243000000
12/9/2020,Wed,11-14-31-47-48,4,3,262000000
12/12/2020,Sat,17-54-56-63-69,20,2,277000000
12/16/2020,Wed,4-23-37-61-67,7,2,287000000
12/19/2020,Sat,27-32-34-43-52,13,2,304000000
12/23/2020,Wed,6-13-38-39-53,6,3,321000000
12/26/2020,Sat,10-24-27-35-53,18,2,341000000
12/30/2020,Wed,3-43-45-61-65,14,2,363000000
1/2/2021,Sat,3-4-11-41-67,5,2,384000000
1/6/2021,Wed,1-20-22-60-66,3,3,410000000
1/9/2021,Sat,14-26-38-45-46,13,2,470000000
1/13/2021,Wed,4-19-23-25-49,14,2,550000000
1/16/2021,Sat,14-20-39-65-67,2,3,640000000
1/20/2021,Wed,40-53-60-68-69,22,3,730000000
1/23/2021,Sat,5-8-17-27-28,14,3,20000000
1/27/2021,Wed,17-33-35-42-52,9,3,20000000
1/30/2021,Sat,1-2-7-52-61,4,3,30000000
2/3/2021,Wed,5-37-40-64-66,5,3,20000000
2/6/2021,Sat,1-16-48-49-65,8,2,30000000
2/10/2021,Wed,15-39-58-63-67,7,2,42000000
2/13/2021,Sat,20-28-33-63-68,20,2,56000000
2/17/2021,Wed,1-15-21-32-46,1,3,66000000
2/20/2021,Sat,4-8-22-32-58,4,10,78000000
2/24/2021,Wed,4-33-43-53-65,21,3,90000000
2/27/2021,Sat,2-28-31-44-52,18,3,106000000
3/3/2021,Wed,21-40-44-50-55,16,3,123000000
3/6/2021,Sat,11-31-50-52-58,18,4,138000000
3/10/2021,Wed,17-18-37-44-53,18,3,155000000
3/13/2021,Sat,5-11-51-56-61,2,2,169000000
3/17/2021,Wed,34-38-42-61-62,19,2,184000000
3/20/2021,Sat,1-6-22-42-61,4,3,200000000
3/24/2021,Wed,4-9-17-27-38,18,2,220000000
3/27/2021,Sat,6-14-38-39-65,6,3,238000000
3/31/2021,Wed,3-10-44-55-68,24,2,20000000
4/3/2021,Sat,1-12-17-39-53,5,2,32000000
4/7/2021,Wed,27-35-39-51-66,16,5,43000000
4/10/2021,Sat,14-16-23-50-53,3,3,55000000
4/14/2021,Wed,13-30-33-45-61,14,2,67000000
4/17/2021,Sat,10-21-26-41-49,25,2,79000000
4/21/2021,Wed,21-25-32-63-67,6,2,90000000
4/24/2021,Sat,22-36-48-59-61,22,3,104000000
4/28/2021,Wed,16-18-35-39-53,21,3,116000000
5/1/2021,Sat,35-36-47-61-63,3,3,129000000
5/5/2021,Wed,16-23-28-40-63,1,2,142000000
5/8/2021,Sat,12-17-20-21-26,8,3,157000000
5/12/2021,Wed,1-19-20-38-54,17,2,168000000
5/15/2021,Sat,4-10-37-39-69,24,3,183000000
5/19/2021,Wed,11-13-55-56-69,4,2,201000000
5/22/2021,Sat,3-19-27-37-40,8,2,218000000
5/26/2021,Wed,2-8-21-34-62,16,2,236000000
5/29/2021,Sat,11-13-22-27-46,20,2,253000000
6/2/2021,Wed,6-7-11-66-67,19,3,268000000
6/5/2021,Sat,44-52-54-64-69,26,3,286000000
6/9/2021,Wed,19-28-46-50-54,9,2,20000000
6/12/2021,Sat,8-25-34-38-41,10,3,31000000
6/16/2021,Wed,19-29-34-44-50,25,2,40000000
6/19/2021,Sat,4-22-35-38-39,20,2,52000000
6/23/2021,Wed,13-20-40-51-63,1,3,63000000
6/26/2021,Sat,8-31-39-43-60,17,3,75000000
6/30/2021,Wed,24-29-50-65-66,14,4,88000000
7/3/2021,Sat,26-40-41-55-65,24,2,101000000
7/7/2021,Wed,8-21-30-49-57,8,2,113000000
7/10/2021,Sat,1-5-29-54-62,3,2,127000000
7/14/2021,Wed,33-46-52-59-62,10,2,137000000
7/17/2021,Sat,15-22-38-54-66,3,2,150000000
7/21/2021,Wed,27-28-44-67-68,11,2,161000000
7/24/2021,Sat,1-4-11-59-67,10,2,174000000
7/28/2021,Wed,25-30-53-59-60,5,3,186000000
7/31/2021,Sat,1-21-22-34-47,4,2,199000000
8/4/2021,Wed,5-21-32-36-58,14,2,211000000
8/7/2021,Sat,7-24-36-54-60,23,2,226000000
8/11/2021,Wed,12-18-20-29-30,16,3,241000000
8/14/2021,Sat,6-21-49-65-67,18,2,258000000
8/18/2021,Wed,35-36-51-55-61,26,2,274000000
8/21/2021,Sat,16-28-36-39-59,4,2,290000000
8/23/2021,Mon,17-36-47-60-61,15,3,293000000
8/25/2021,Wed,27-39-54-56-59,24,3,304000000
8/28/2021,Sat,12-22-26-46-59,26,2,322000000
8/30/2021,Mon,3-15-45-51-61,8,2,332000000
9/1/2021,Wed,10-20-29-48-51,17,2,345000000
9/4/2021,Sat,32-35-40-52-54,1,5,367000000
9/6/2021,Mon,11-20-22-33-54,24,2,375000000
9/8/2021,Wed,9-22-41-47-61,21,2,388000000
9/11/2021,Sat,20-31-38-40-49,21,2,409000000
9/13/2021,Mon,37-40-50-61-63,21,3,416000000
9/15/2021,Wed,1-4-18-46-62,25,3,432000000
9/18/2021,Sat,5-36-39-45-57,11,2,457000000
9/20/2021,Mon,37-51-54-58-60,19,2,472000000
9/22/2021,Wed,20-40-47-55-63,5,3,490000000
9/25/2021,Sat,22-23-37-62-63,19,3,523000000
9/27/2021,Mon,21-22-39-44-60,12,2,545000000
9/29/2021,Wed,2-7-11-17-32,11,3,570000000
10/2/2021,Sat,28-38-42-47-52,1,2,635000000
10/4/2021,Mon,12-22-54-66-69,15,2,685000000
10/6/2021,Wed,1-17-52-58-64,1,10,20000000
10/9/2021,Sat,12-17-30-45-62,5,2,31000000
10/11/2021,Mon,11-20-33-39-65,24,3,38000000
10/13/2021,Wed,23-29-47-59-60,15,2,50000000
10/16/2021,Sat,30-31-41-42-48,3,3,60000000
10/18/2021,Mon,30-32-48-53-63,12,2,65000000
10/20/2021,Wed,7-29-36-41-43,5,0,73000000
10/23/2021,Sat,10-30-51-57-63,20,2,86000000
10/25/2021,Mon,10-27-29-44-58,24,2,93000000
10/27/2021,Wed,3-6-26-35-51,17,4,102000000
10/30/2021,Sat,5-23-28-43-56,19,2,116000000
11/1/2021,Mon,9-25-34-44-45,8,3,123000000
11/3/2021,Wed,1-2-24-50-57,26,2,132000000
11/6/2021,Sat,8-30-48-57-64,9,2,146000000
11/8/2021,Mon,21-46-47-57-62,8,3,151000000
11/10/2021,Wed,19-25-43-46-48,14,2,160000000
11/13/2021,Sat,8-15-26-35-45,9,3,173000000
11/15/2021,Mon,5-31-34-51-53,23,2,180000000
11/17/2021,Wed,3-16-48-52-60,1,3,190000000
11/20/2021,Sat,40-43-48-59-69,19,3,205000000
11/22/2021,Mon,7-20-29-38-67,22,2,213000000
11/24/2021,Wed,10-16-32-63-65,17,2,224000000
11/27/2021,Sat,8-32-55-64-66,10,2,243000000
11/29/2021,Mon,18-26-28-38-47,17,2,253000000
12/1/2021,Wed,12-15-38-57-63,24,2,264000000
12/4/2021,Sat,10-40-45-56-67,2,2,278000000
12/6/2021,Mon,3-21-38-50-59,6,3,280000000
12/8/2021,Wed,3-7-33-50-69,24,2,291000000
12/11/2021,Sat,3-25-44-53-64,10,2,307000000
12/13/2021,Mon,10-30-37-53-59,4,2,320000000
12/15/2021,Wed,19-20-40-42-59,15,3,333000000
12/18/2021,Sat,2-6-24-51-61,1,2,353000000
12/20/2021,Mon,2-13-23-34-66,2,4,363000000
12/22/2021,Wed,7-16-19-48-68,15,2,378000000
12/25/2021,Sat,27-29-45-55-58,2,3,400000000
12/27/2021,Mon,36-38-45-62-64,19,2,416000000
12/29/2021,Wed,2-6-9-33-39,11,2,441000000
1/1/2022,Sat,6-12-39-48-50,7,2,500000000
1/3/2022,Mon,2-13-32-33-48,22,2,540000000
1/5/2022,Wed,6-14-25-33-46,17,2,630000000
1/8/2022,Sat,20-21-36-60-65,13,10,20000000
1/10/2022,Mon,14-17-18-21-27,9,2,27000000
1/12/2022,Wed,12-21-22-30-33,24,4,38000000
1/15/2022,Sat,3-18-37-51-59,13,2,48000000
1/17/2022,Mon,9-24-35-46-65,22,2,53000000
1/19/2022,Wed,11-15-43-55-61,10,3,62000000
1/22/2022,Sat,8-14-33-36-67,17,2,76000000
1/24/2022,Mon,11-29-30-47-53,16,3,82000000
1/26/2022,Wed,4-11-38-49-69,16,3,91000000
1/29/2022,Sat,2-15-38-54-65,11,4,104000000
1/31/2022,Mon,10-15-51-61-69,14,3,113000000
2/2/2022,Wed,18-29-33-62-63,15,3,123000000
2/5/2022,Sat,5-16-27-39-61,24,2,137000000
2/7/2022,Mon,5-15-38-47-65,10,3,147000000
2/9/2022,Wed,2-17-33-51-63,26,2,158000000
2/12/2022,Sat,8-10-21-41-62,7,3,172000000
2/14/2022,Mon,16-25-27-49-55,17,3,183000000
2/16/2022,Wed,22-30-40-42-48,16,2,20000000
2/19/2022,Sat,3-10-15-33-42,11,2,31000000
2/21/2022,Mon,2-36-37-45-69,3,2,37000000
2/23/2022,Wed,6-17-21-35-64,18,2,45000000
2/26/2022,Sat,15-32-36-48-64,19,3,58000000
2/28/2022,Mon,7-21-39-47-55,19,2,65000000
3/2/2022,Wed,19-37-48-61-63,12,2,73000000
3/5/2022,Sat,8-23-37-52-63,13,2,85000000
3/7/2022,Mon,10-43-55-59-67,2,3,90000000
3/9/2022,Wed,13-22-34-51-67,10,2,99000000
3/12/2022,Sat,19-20-37-39-61,8,2,112000000
3/14/2022,Mon,21-28-32-44-49,6,3,124000000
3/16/2022,Wed,3-28-34-35-58,17,2,133000000
3/19/2022,Sat,8-9-18-48-52,6,2,147000000
3/21/2022,Mon,1-15-26-63-65,16,2,156000000
3/23/2022,Wed,31-32-37-38-48,24,2,167000000
3/26/2022,Sat,2-10-50-59-61,6,3,181000000
3/28/2022,Mon,11-18-39-58-62,3,2,195000000
3/30/2022,Wed,3-7-21-31-37,11,3,206000000
4/2/2022,Sat,6-28-47-58-59,18,2,206000000
4/4/2022,Mon,2-32-39-46-69,6,2,231000000
4/6/2022,Wed,6-42-45-47-64,18,3,246000000
4/9/2022,Sat,6-16-31-62-66,18,2,268000000
4/11/2022,Mon,5-7-24-31-34,4,2,288000000
4/13/2022,Wed,14-16-41-63-68,26,2,302000000
4/16/2022,Sat,15-21-32-62-65,26,5,325000000
4/18/2022,Mon,8-33-55-59-62,18,2,348000000
4/20/2022,Wed,20-30-45-55-56,14,2,370000000
4/23/2022,Sat,10-39-47-49-56,8,3,400000000
4/25/2022,Mon,12-18-20-39-61,10,2,421000000
4/27/2022,Wed,11-36-61-62-68,4,2,454000000
4/30/2022,Sat,14-21-37-44-63,1,3,20000000
5/2/2022,Mon,18-27-33-39-44,8,5,27000000
5/4/2022,Wed,37-39-55-63-69,23,2,37000000
5/7/2022,Sat,4-5-6-28-67,10,2,51000000
5/9/2022,Mon,18-30-35-52-56,5,2,59000000
5/11/2022,Wed,5-7-61-63-69,18,2,68000000
5/14/2022,Sat,6-40-41-45-52,9,3,83000000
5/16/2022,Mon,7-15-22-36-64,13,2,90000000
5/18/2022,Wed,40-41-58-64-65,17,3,101000000
5/21/2022,Sat,14-15-25-52-58,11,2,117000000
5/23/2022,Mon,1-33-37-39-42,26,2,125000000
5/25/2022,Wed,19-28-39-42-57,17,3,135000000
5/28/2022,Sat,2-39-50-61-66,15,2,150000000
5/30/2022,Mon,27-28-51-68-69,22,2,157000000
6/1/2022,Wed,11-41-56-57-63,2,2,168000000
6/4/2022,Sat,14-16-36-52-60,16,3,184000000
6/6/2022,Mon,2-10-35-44-46,4,2,198000000
6/8/2022,Wed,22-39-43-62-64,7,4,210000000
6/11/2022,Sat,18-20-26-53-69,5,2,229000000
6/13/2022,Mon,2-27-42-44-51,25,2,243000000
6/15/2022,Wed,19-28-41-42-51,7,2,258000000
6/18/2022,Sat,10-19-40-45-58,25,2,279000000
6/20/2022,Mon,3-44-61-63-69,13,2,296000000
6/22/2022,Wed,6-10-31-48-56,12,3,312000000
6/25/2022,Sat,6-12-20-27-32,4,3,335000000
6/27/2022,Mon,11-13-18-30-37,16,3,346000000
6/29/2022,Wed,8-40-49-58-63,14,3,365000000
7/2/2022,Sat,9-10-37-59-62,26,3,20000000
7/4/2022,Mon,15-16-24-31-56,4,2,26000000
7/6/2022,Wed,32-36-49-62-69,13,2,35000000
7/9/2022,Sat,14-22-42-46-52,24,3,48000000
7/11/2022,Mon,4-26-34-37-52,9,2,56000000
7/13/2022,Wed,22-23-36-47-63,2,2,66000000
7/16/2022,Sat,3-18-23-32-57,21,2,82000000
7/18/2022,Mon,14-34-36-50-58,5,3,89000000
7/20/2022,Wed,10-20-23-49-65,22,3,101000000
7/23/2022,Sat,39-41-54-59-62,12,3,119000000
7/25/2022,Mon,25-37-38-39-65,5,2,130000000
7/27/2022,Wed,1-25-44-55-57,26,2,145000000
7/30/2022,Sat,4-17-57-58-68,12,3,170000000
8/1/2022,Mon,15-21-31-36-65,16,3,187000000
8/3/2022,Wed,9-21-56-57-66,11,2,202000000
8/6/2022,Sat,8-15-46-56-68,3,2,20000000
8/8/2022,Mon,32-45-51-57-58,12,2,26000000
8/10/2022,Wed,29-44-59-61-68,19,2,35000000
8/13/2022,Sat,19-24-35-43-62,2,10,48000000
8/15/2022,Mon,20-24-47-50-63,5,2,56000000
8/17/2022,Wed,23-28-41-50-55,24,2,66000000
8/20/2022,Sat,5-9-11-16-66,7,2,66000000
8/22/2022,Mon,12-27-34-55-67,9,2,90000000
8/24/2022,Wed,6-24-35-37-44,22,4,100000000
8/27/2022,Sat,2-18-56-60-65,14,3,115000000
8/29/2022,Mon,13-36-43-61-69,18,3,124000000
8/31/2022,Wed,7-8-19-24-28,1,2,134000000
9/3/2022,Sat,18-27-49-65-69,9,2,148000000
9/5/2022,Mon,4-7-32-55-64,25,2,159000000
9/7/2022,Wed,3-16-30-33-36,20,3,170000000
9/10/2022,Sat,38-42-56-68-69,4,2,186000000
9/12/2022,Mon,6-14-16-34-66,25,3,193000000
9/14/2022,Wed,9-10-20-22-52,25,3,206000000
9/17/2022,Sat,5-25-36-51-61,1,3,225000000
9/19/2022,Mon,7-15-36-46-67,7,2,238000000
9/21/2022,Wed,6-33-34-45-54,7,2,251000000
9/24/2022,Sat,3-9-21-24-29,14,2,270000000
9/26/2022,Mon,13-20-31-33-59,20,3,285000000
9/28/2022,Wed,6-10-24-33-67,11,3,300000000
10/1/2022,Sat,8-21-22-65-69,26,2,322000000
10/3/2022,Mon,2-16-22-55-63,22,4,336000000
10/5/2022,Wed,26-30-33-37-62,6,2,353000000
10/8/2022,Sat,13-43-53-60-68,5,2,378000000
10/10/2022,Mon,3-6-11-17-22,11,2,401000000
10/12/2022,Wed,14-30-41-42-59,6,5,421000000
10/15/2022,Sat,32-37-40-58-62,15,5,454000000
10/17/2022,Mon,19-30-36-46-60,25,3,480000000
10/19/2022,Wed,6-8-15-27-42,10,3,508000000
10/22/2022,Sat,19-25-48-55-60,18,2,580000000
10/24/2022,Mon,18-23-35-45-54,16,4,625000000
10/26/2022,Wed,19-36-37-46-56,24,2,700000000
10/29/2022,Sat,19-31-40-46-57,23,3,825000000
10/31/2022,Mon,13-19-36-39-59,13,3,1000000000
11/2/2022,Wed,2-11-22-35-60,23,2,1.2E+11
